Link ID,Is Active,Sort Order,Group,Label,URL
connect-methods-paper,Yes,10,CONNECT,CONNECT Methods Paper,https://drive.google.com/file/d/1eRFTUuu1qCRDYPuhFC2_xXPx4ta6nakV/view?usp=sharing
connect-dialogue-to-action,Yes,20,CONNECT,From Dialogue to Action,https://drive.google.com/file/d/1f_w8yXLACaj3ngT5ykGHEf1PW4DTEPP_/view?usp=sharing
reports-five-year,Yes,30,Reports,Five Year Report,https://drive.google.com/file/d/13jnQrHBjHj39YUG7taT2F-kaegTENFXk/view?usp=drive_link
reports-annual-2021,Yes,40,Reports,Annual Report 2021,https://drive.google.com/file/d/1CZKrg-S0wLtUVWdjF_9URyJyNpWwkMJD/view?usp=sharing
reports-annual-2022,Yes,50,Reports,Annual Report 2022,https://drive.google.com/file/d/1hjiQT5E-ZsjELyyHx20T7fqYeiByyupa/view?usp=sharing
reports-building-capacity,Yes,60,Reports,Building Capacity for Community-Academia Research Partnerships by Establishing a Physical Infrastructure for Community Engagement: Morgan CARES,https://www.ncbi.nlm.nih.gov/pmc/articles/PMC9566608/
reports-engagement-practices,Yes,70,Reports,Community Engagement Practices at Research Centers in U.S. Minority Institutions: Priority Populations and Innovative Approaches to Advancing Health Disparities Research,https://www.mdpi.com/1660-4601/18/12/6675
cbpr-intro,Yes,80,CBPR Resources,Introduction to Community-Based Participatory Research,https://academyhealth.org/professional-resources/training/prof-dev/introduction-community-engaged-research
cbpr-toolkit,Yes,90,CBPR Resources,CBPR Resource Toolkit,https://canva.link/h16mxtsr2zhoh5e
community-bcf,Yes,100,Community Resources,Baltimore Community Foundation,https://bcf.org/
community-baltimores-promise,Yes,110,Community Resources,Baltimore's Promise,https://www.baltimorespromise.org/
community-aecf,Yes,120,Community Resources,Annie E. Casey Foundation,https://www.aecf.org/
community-blaustein,Yes,130,Community Resources,Jacob and Hilda Blaustein Foundation,https://blaufund.org/
community-osi-baltimore,Yes,140,Community Resources,Open Society Institute–Baltimore,https://www.osibaltimore.org/
community-troweprice,Yes,150,Community Resources,T. Rowe Price Foundation,https://www.troweprice.com/corporate/us/en/what-we-do.html
community-jhu-ictr,Yes,160,Community Resources,Johns Hopkins ICTR,https://ictr.johnshopkins.edu/
funding-abell,Yes,170,Funding Resources,The Abell Foundation,https://abell.org/grants/small-grants-process/
funding-heart-and-soul,Yes,180,Funding Resources,Community Heart & Soul,https://www.communityheartandsoul.org/seed-grants/
funding-krieger,Yes,190,Funding Resources,Zanvyl and Isabelle Krieger Fund,https://kriegerfund.org/
funding-goldseker,Yes,200,Funding Resources,Goldseker Foundation,https://goldsekerfoundation.org/grants/
funding-weinberg,Yes,210,Funding Resources,Harry and Jeanette Weinberg Foundation,https://hjweinbergfoundation.org/grants/
funding-rwjf,Yes,220,Funding Resources,Robert Wood Johnson Foundation,https://www.rwjf.org/en/how-we-work/grants-explorer/funding-opportunities.html?channelid=xps&cid=1002830&gclid=Cj0KCQjwpcOTBhCZARIsAEAYLuW3SoRM7bezb9geKrkKzB-jzf5lZOkBTjGR6FBC82t5s2Sh1fzWiu8aAiuCEALw_wcB
