Member ID,Is Active,Sort Order,Group,Name,Badge,Designation,Photo Path,Initials
jane-buccheri,Yes,10,steering,Ms. Jane Buccheri,community,Resident of Southwest Baltimore City,,JB
christina-delgado,Yes,20,steering,Ms. Christina Delgado,community,Founder & CEO at Tola's Room,,CD
mary-gunning,Yes,30,steering,Ms. Mary Gunning,community,"Director, Catholic Charities Head Start of Baltimore City",,MG
valerie-odero-marah,Yes,40,steering,Dr. Valerie Odero-Marah,academic,"Professor, Department of Biology",,VO
paula-purviance,Yes,50,steering,Ms. Paula Purviance,community,"President, Hillen Road Community Improvement Association",,PP
payam-sheikhattari,Yes,60,steering,Dr. Payam Sheikhattari,academic,"Professor, School of Community Health and Policy, Morgan State University",,PS
elizabeth-taylor,Yes,70,steering,Ms. Elizabeth Taylor,community,"Program Coordinator, Uplift Alliance",,ET
annette-woodroffe,Yes,80,steering,Dr. Annette Woodroffe,academic,"Director, Office of Community Services, Morgan State University",,AW
veronica-land-davis,Yes,90,steering,Ms. Veronica Land-Davis,community,Executive Director of HopeWell Cancer Support,,VL
kimberly-warren,Yes,10,admin,Dr. Kimberly Warren,,Director,../img/cec/team/kimberly-warren.jpg,
emma-mitchell,Yes,20,admin,Mrs. Emma Mitchell,,Program Manager,../img/cec/team/emma-mitchell.png,
kathy-evans,Yes,30,admin,Ms. Kathy Evans,,Training Coordinator,../img/cec/team/kathy-evans.jpg,
adriana-foster,Yes,40,admin,Adriana Foster,,Research Program Coordinator,../img/cec/team/adriana-foster.jpg,
cozette-boakye,Yes,50,admin,Ms. Cozette Boakye,,Communications Specialist,,CB
