Partner ID,Is Active,Sort Order,Set,Name,Photo Path,Initials,Is Logo,Profile URL
adriana-foster,Yes,10,base,Adriana Foster,../img/cec/partners/adriana-foster.jpg,,,https://morgan-cares.smartmatchapp.com/client/showcase/view/2/list/255e48ac4be96e62af0a5cf5721e88a5/
kimberly-warren-p,Yes,20,base,Kimberly Warren,../img/cec/partners/kimberly-warren.jpg,,,https://morgan-cares.smartmatchapp.com/client/showcase/view/2/list/255e48ac4be96e62af0a5cf5721e88a5/
kathy-evans-p,Yes,30,base,Kathy Evans,../img/cec/partners/kathy-evans.jpg,,,https://morgan-cares.smartmatchapp.com/client/showcase/view/2/list/255e48ac4be96e62af0a5cf5721e88a5/
justin-bonny,Yes,40,base,Justin Bonny,,JB,,https://morgan-cares.smartmatchapp.com/client/showcase/view/2/list/255e48ac4be96e62af0a5cf5721e88a5/
tasha-gooden,Yes,50,base,Tasha Gooden,,TG,,https://morgan-cares.smartmatchapp.com/client/showcase/view/2/list/255e48ac4be96e62af0a5cf5721e88a5/
beta-tau-alumni-chapter,Yes,60,base,Beta Tau Alumni Chapter,,BT,,https://morgan-cares.smartmatchapp.com/client/showcase/view/2/list/255e48ac4be96e62af0a5cf5721e88a5/
vishnu-kumar,Yes,70,2,Vishnu Kumar,../img/cec/partners/vishnu-kumar.jpg,,,https://morgan-cares.smartmatchapp.com/client/showcase/view/2/list/255e48ac4be96e62af0a5cf5721e88a5/
lening-olivera-figueroa,Yes,80,2,Lening Olivera Figueroa,,LF,,https://morgan-cares.smartmatchapp.com/client/showcase/view/2/list/255e48ac4be96e62af0a5cf5721e88a5/
sereta-collington,Yes,90,2,Sereta Collington,,SC,,https://morgan-cares.smartmatchapp.com/client/showcase/view/2/list/255e48ac4be96e62af0a5cf5721e88a5/
james-butler-iii,Yes,100,2,James Butler III,,JB,,https://morgan-cares.smartmatchapp.com/client/showcase/view/2/list/255e48ac4be96e62af0a5cf5721e88a5/
ellen-molino,Yes,110,2,Ellen Molino,,EM,,https://morgan-cares.smartmatchapp.com/client/showcase/view/2/list/255e48ac4be96e62af0a5cf5721e88a5/
tiaira-robinson,Yes,120,2,Tiaira Robinson,,TR,,https://morgan-cares.smartmatchapp.com/client/showcase/view/2/list/255e48ac4be96e62af0a5cf5721e88a5/
dea-lott,Yes,130,2,Dea Lott,,DL,,https://morgan-cares.smartmatchapp.com/client/showcase/view/2/list/255e48ac4be96e62af0a5cf5721e88a5/
timothy-rich,Yes,140,2,Timothy Rich,,TR,,https://morgan-cares.smartmatchapp.com/client/showcase/view/2/list/255e48ac4be96e62af0a5cf5721e88a5/
samia-kirchner,Yes,150,2,Samia Kirchner,,SK,,https://morgan-cares.smartmatchapp.com/client/showcase/view/2/list/255e48ac4be96e62af0a5cf5721e88a5/
stephanie-slowly-little,Yes,160,2,Stephanie Slowly Little,../img/cec/partners/stephanie-slowly-little.jpg,,Yes,https://morgan-cares.smartmatchapp.com/client/showcase/view/2/list/255e48ac4be96e62af0a5cf5721e88a5/
desdemona-smith,Yes,170,3,Desdemona Smith,,DS,,https://morgan-cares.smartmatchapp.com/client/showcase/view/2/list/255e48ac4be96e62af0a5cf5721e88a5/
alphonso-mayo,Yes,180,3,Alphonso Mayo,../img/cec/partners/alphonso-mayo.jpg,,,https://morgan-cares.smartmatchapp.com/client/showcase/view/2/list/255e48ac4be96e62af0a5cf5721e88a5/
emma-mitchell-p,Yes,190,3,Emma Mitchell,../img/cec/partners/emma-mitchell.jpg,,,https://morgan-cares.smartmatchapp.com/client/showcase/view/2/list/255e48ac4be96e62af0a5cf5721e88a5/
brandon-logan,Yes,200,3,Brandon Logan,,BL,,https://morgan-cares.smartmatchapp.com/client/showcase/view/2/list/255e48ac4be96e62af0a5cf5721e88a5/
tawanna-kane,Yes,210,3,Tawanna Kane,,TK,,https://morgan-cares.smartmatchapp.com/client/showcase/view/2/list/255e48ac4be96e62af0a5cf5721e88a5/
raven-willoughby,Yes,220,3,Raven Willoughby,,RW,,https://morgan-cares.smartmatchapp.com/client/showcase/view/2/list/255e48ac4be96e62af0a5cf5721e88a5/
brandon-clayton,Yes,230,3,Brandon Clayton,../img/cec/partners/brandon-clayton.jpg,,Yes,https://morgan-cares.smartmatchapp.com/client/showcase/view/2/list/255e48ac4be96e62af0a5cf5721e88a5/
akasha-dotson,Yes,240,3,Akasha Dotson,,AD,,https://morgan-cares.smartmatchapp.com/client/showcase/view/2/list/255e48ac4be96e62af0a5cf5721e88a5/
bonita-bordley,Yes,250,3,Bonita Bordley,,BB,,https://morgan-cares.smartmatchapp.com/client/showcase/view/2/list/255e48ac4be96e62af0a5cf5721e88a5/
marlyn-massey,Yes,260,3,Marlyn Massey,,MM,,https://morgan-cares.smartmatchapp.com/client/showcase/view/2/list/255e48ac4be96e62af0a5cf5721e88a5/
mark-mittelman,Yes,270,4,Mark Mittelman,,MM,,https://morgan-cares.smartmatchapp.com/client/showcase/view/2/list/255e48ac4be96e62af0a5cf5721e88a5/
oluwagbenga-alo,Yes,280,4,Oluwagbenga Alo,,OA,,https://morgan-cares.smartmatchapp.com/client/showcase/view/2/list/255e48ac4be96e62af0a5cf5721e88a5/
antony-kinyua,Yes,290,4,Antony Kinyua,,AK,,https://morgan-cares.smartmatchapp.com/client/showcase/view/2/list/255e48ac4be96e62af0a5cf5721e88a5/
shawna-jones,Yes,300,4,Shawna Jones,,SJ,,https://morgan-cares.smartmatchapp.com/client/showcase/view/2/list/255e48ac4be96e62af0a5cf5721e88a5/
zenobia-judd-williams,Yes,310,4,Zenobia Judd-Williams,,ZJ,,https://morgan-cares.smartmatchapp.com/client/showcase/view/2/list/255e48ac4be96e62af0a5cf5721e88a5/
renee-tengella,Yes,320,4,Dr. Renee Tengella,,RT,,https://morgan-cares.smartmatchapp.com/client/showcase/view/2/list/255e48ac4be96e62af0a5cf5721e88a5/
michelle-ogunwole,Yes,330,4,Michelle Ogunwole,,MO,,https://morgan-cares.smartmatchapp.com/client/showcase/view/2/list/255e48ac4be96e62af0a5cf5721e88a5/
nia-pettiford,Yes,340,4,Nia Pettiford,,NP,,https://morgan-cares.smartmatchapp.com/client/showcase/view/2/list/255e48ac4be96e62af0a5cf5721e88a5/
elisha-johnson,Yes,350,4,Elisha Johnson,../img/cec/partners/elisha-johnson.jpg,,,https://morgan-cares.smartmatchapp.com/client/showcase/view/2/list/255e48ac4be96e62af0a5cf5721e88a5/
