PI ID,Is Active,Sort Order,Name,Title,Department,Email,Photo Path,Photo Alt,Fallback Icon,Office,Phone,Education 1,Education 2,Education 3,Education 4,Tag 1,Tag 2,Tag 3,Tag 4,Tag 5,Tag 6,Highlight Heading,Highlight Text,Bio,Achievements,Funding Highlights,Spotlight Title,Spotlight Citation,Spotlight Abstract,Spotlight Funding,Spotlight URL,ORCID URL,Google Scholar URL,NCBI URL
sherchan,Yes,10,Dr. Samendra Sherchan,"Professor; PI, RCMI Research Project 1",Department of Biology,,,Dr. Samendra Sherchan,💧,,,"Postdoctoral Researcher, University of Arizona","Ph.D., University of Arizona","M.S., Georgia College","B.S., Georgia College",Wastewater-Based Epidemiology,Environmental Virology,Public Health Microbiology,AI/ML Modeling,Water Quality & Reuse,Health Equity,NIH Climate and Health Scholar (2022–2023),Recognized for extensive experience working with communities affected by extreme weather events and natural disasters in the US and low-income countries such as Haiti and Nepal.,"Dr. Samendra Sherchan currently serves as the interim director of the Center for Urban and Coastal Climate Research. Dr. Samendra Sherchan is a full professor in the department of Biology at Morgan State University and an adjunct research professor at Tulane University School of Public Health and Tropical Medicine. He also serves as the director of two centers – the Center for Climate Change and Health and the Center of Research Excellence in Wastewater Based Epidemiology. He received his PhD from the University of Arizona. He was a tenured faculty member in the department of Environmental Health Sciences at Tulane University before moving to Morgan State University. In addition, over the past 15 years, he has gained considerable experience working with communities affected by extreme weather events and natural disasters in the US and other low-income countries such as Haiti and Nepal. He was also selected as a NIH Climate and Health Scholar in 2022-2023. He has published over 170 peer-reviewed articles, many in top-tier journals such as ACS EST, Water Research, STOTEN, Lancet etc. He has served as the PI or co-PI for several grants including from NSF, NIH, NOAA, EPA, USGS and private foundations like Gates Foundation. He currently serves as an associate editor for the Journal of Water and Health, AEESP, Medical Microbiology, Total Environmental Microbiology and BMC Infectious Diseases. He is also on the editorial boards of ACS Water, Pathogens, CSCEE and Science of the Total Environment. He is an experienced administrator, scholar, and professor with a proven track record in higher education, skilled in leadership, grant writing, data analysis, mentoring, and community engagement.","Published over 170 peer-reviewed articles, including in ACS ES&T, Water Research, STOTEN, and The Lancet.
Selected as a NIH Climate and Health Scholar (2022–2023).
Served as PI or co-PI on grants from NSF, NIH, NOAA, EPA, USGS, and private foundations including the Gates Foundation.
Google Scholar H-Index of 48 with over 9,000 citations.","PI/co-PI on grants from NSF, NIH, NOAA, EPA, USGS, and private foundations including the Gates Foundation.",,,,,,https://orcid.org/0000-0002-0092-7928,https://scholar.google.com/citations?user=m7N92CkAAAAJ&hl=en&authuser=2,https://www.ncbi.nlm.nih.gov/myncbi/1VwE47uPoUekC/bibliography/public/
ingrid-tulloch,Yes,20,Dr. Ingrid K. Tulloch,"Associate Professor of Psychology and Psychometrics; PI, RCMI Research Project 2",Department of Psychology,ingrid.tulloch@morgan.edu,../img/faculty/pilot_ingrid-k-tulloch.jpg,Dr. Ingrid K. Tulloch,🧠,,,"B.A. in Psychology and the Interdisciplinary Thomas Hunters Program, Hunter College","Ph.D. in Biological Psychology and Behavioral Neuroscience, The City University of New York Graduate School",NIDA/NIH Postdoctoral Fellowship (molecular mechanisms of methamphetamine use disorders),,Neuroimmunology,Social Stress,Substance Use,Health Disparities,Behavioral Neuroscience,Immune Cell Function,Former Psi Chi Eastern Region Vice President,Also served as President of the Delaware Valley Association of Black Psychologists; leads the Neurobiology of Risky Health Behavior Lab and mentors future biomedical and behavioral scientists.,"Dr. Ingrid K. Tulloch is an Associate Professor of Psychology and Psychometrics and NIH-supported researcher in the Center for Urban Health Disparities Research and Innovation, and the Center for Brain Health at Morgan State University. Her research uses behavioral and cellular-molecular approaches to investigate biological, psychological, and social factors underlying risky and resilient health behaviors, including substance use and social stress. She earned her B.A. in Psychology and the Interdisciplinary Thomas Hunters Program from Hunter College, and Ph.D. in Biological Psychology and Behavioral Neuroscience from The City University of New York Graduate School, followed by a NIDA/NIH postdoctoral fellowship studying molecular mechanisms of methamphetamine use disorders. A former Psi Chi Eastern Region Vice President and Delaware Valley Association of Black Psychologists President, she leads the Neurobiology of Risky Health Behavior Lab and mentors future biomedical and behavioral scientists.

Research Description: Cross-species research suggests that social threat responses involve underlying neuroimmune components. These biological responses, however, are modulated by demographics, social context, and prior experience. Dr. Tulloch's research encompasses animal models and current translational work in humans to elucidate the dynamic interactions among social experiences, immune activity, and behavior. The goal of this interdisciplinary approach is to understand how experiences contribute to disease risk and resilience.","Former Psi Chi Eastern Region Vice President.
Former President, Delaware Valley Association of Black Psychologists.
Leads the Neurobiology of Risky Health Behavior Lab.",,,,,,,,,
timothy-meeker,Yes,30,Dr. Timothy Meeker,"Assistant Professor; PI, RCMI Research Project 3",Department of Biology,timothy.meeker@morgan.edu,../img/faculty/project_timothy_meeker.jpg,Dr. Timothy Meeker,🧠,Spencer G12,443-885-4448,"Ph.D. in Neural and Pain Sciences, University of Maryland, Baltimore (2017)","Postdoctoral Fellowship in Neurosurgery, Johns Hopkins Hospital (2022)","M.S. in Biological Sciences, University of Cincinnati (2011)","B.S. in Biological Sciences, University of Cincinnati (2006)",Pain Neuroscience,Health Disparities,Non-Invasive Brain Stimulation,Neuropathic Pain,Functional MRI,,,,"Dr. Timothy J. Meeker is an Assistant Professor in the Department of Biology at Morgan State University and Principal Investigator of RCMI@Morgan Research Project 3. He earned his Ph.D. in Neural and Pain Sciences from the University of Maryland, Baltimore in 2017, mentored by Dr. Joel Greenspan, and completed a postdoctoral fellowship in the Department of Neurosurgery at Johns Hopkins Hospital in 2022. His research examines the neural mechanisms underlying racial disparities in pain sensitivity, the role of anxiety in pain-related attention, and the analgesic potential of non-invasive brain stimulation. Dr. Meeker is the Principal Investigator of an NIH/NIMHD-funded (U54MD013376) randomized controlled trial evaluating transcranial direct current stimulation (tDCS) as a treatment for painful chemotherapy-induced peripheral neuropathy, and also leads an ASCEND@MSU pilot study on sensory testing in diabetic neuropathy across racial groups. He is a recipient of an NIH/NINDS Loan Repayment Program award (L60NS145314) for work on unbiased diagnostics for neuropathy and neuropathic pain.","Developed a method to make diagnosis of small fiber neuropathy more accessible and less invasive.
Developed lead biomarkers for the efficacy of pain alleviation in patients with neuropathic pain using functional MRI (Ph.D. work).
Demonstrated more detailed evidence for the effect of minoritization on psychological and pain sensory measures.","RCMI Funding: U54MD013376, NIH/NIMHD — Research Project 3: “Neural and Immune Correlates of Painful Chemotherapy-Induced Neuropathy, Feasibility and Preliminary Efficacy of a Motor Cortex Non-Invasive Brain Stimulation Intervention”
Other funding obtained with RCMI support: L60NS145314, NIH/NINDS, Loan Repayment Program Grant: “Racially Unbiased Diagnostics and Interventions for Complications Related to Neuropathy and Neuropathic Pain”; Morgan State University I-GAP grants for Technique for diagnosing large and small fiber neuropathy (2023), Clinically Relevant Animal Model for Chemotherapy-Induced Peripheral Neuropathy (2024), and Pulse Oximetry (2025).",Secondary analysis: heat and self-report pain sensitivity associate with biological sex and racialized sociocultural group but may not be mediated by anxiety or pain catastrophizing,"Pain Reports, Volume 9(1), 2024. PMCID: PMC10811695.","Previous studies have demonstrated associations between racialized group on pain sensitivity and tolerance. We analyzed the association of sex and racialized group on heat and mechanical pain sensitivity. Using sensory testing for mechanical and heat pain and the pain sensitivity questionnaire (PSQ) we evaluated pain sensitivity in 134 healthy participants self-identifying as white, black or Asian. Racialized minority status was associated with greater heat pain sensitivity (F=7.63; p=0.0007) and PSQ scores (F=15.4; p=9.8×10⁻⁷) but not associated with mechanical pain (F=1.50; p=0.23). Consistent with previous research, sensitivity to painful heat was associated with racialized minority status and female sex. By contrast, there was no significant effect of racialized minority status or female sex on mechanical pain.",Funding: NIH/NIMHD U54MD013376; NIH/NIGMS RL5GM118972,https://doi.org/10.1097/PR9.0000000000001133,https://orcid.org/0000-0002-1833-6536,https://scholar.google.com/citations?user=71GXz8cAAAAJ&hl=en,https://pubmed.ncbi.nlm.nih.gov/?term=meeker+tj
